"(0, 0)","(0, 1)","(1, 0)","(1, 1)",max_diff,var,total,dataset,embedding_type,rwl,boundary_val,boundary_type,exp,d,"(0, 2)","(1, 2)","(2, 0)","(2, 1)","(2, 2)"
84.7959359148937,86.26434670222626,86.26434670222626,78.65236637892983,7.656454885954881,10.142431326816217,80.30650454547894,rice_subset,random_walk,5,0.5,bndry,2.0,32,,,,,
84.96404584028956,86.75750817155624,86.75750817155624,79.56222884773315,7.666835369917081,9.967998726570803,81.1331227780442,rice_subset,fairwalk,5,0.5,bndry,2.0,32,,,,,
76.06064691933197,79.9349280508895,79.9349280508895,83.24186360707456,7.181216687742577,6.888651430138057,82.2813749969528,rice_subset,unweighted,5,0.5,bndry,2.0,32,,,,,
63.42292672429595,65.43246294706653,65.43246294706653,70.35277070702556,17.455064433484246,36.22529312553526,68.03799777395783,twitter,random_walk,5,0.5,bndry,2.0,32,61.028196099342594,74.88943175335798,61.028196099342594,74.88943175335798,59.81353158201337
62.687625082919205,67.89681617957748,67.89681617957748,69.3702389345047,19.636219262648826,40.34782797744967,68.05802608637939,twitter,fairwalk,5,0.5,bndry,2.0,32,73.84028252449305,74.87739030160384,73.84028252449305,74.87739030160384,56.81237872845975
64.95395297535035,66.38184134537389,66.38184134537389,70.51675503179753,14.515764814914528,20.153108912337967,68.5657322866089,twitter,unweighted,5,0.5,bndry,2.0,32,66.97447265836146,74.12579713577645,66.97447265836146,74.12579713577645,59.778462415619835
