{"total_acc": 85.80072644250725, "acc_1": 93.08828806015437, "acc_0": 59.9096782072494, "diff": 33.17860985290497, "disparity": 285.46719877359084}