{"total_acc": 54.00909090909091, "acc_1": 56.837181424616084, "acc_0": 44.02854638178996, "diff": 12.975397504100924, "disparity": 53.419627254762325}