{"total_acc": 87.84129306766292, "acc_1": 93.02083235291592, "acc_0": 69.64908951521588, "diff": 23.37174283770003, "disparity": 145.40032701024583}