{"total_acc": 56.50681818181818, "acc_1": 58.647375849777156, "acc_0": 48.94193110876757, "diff": 9.965581618054022, "disparity": 32.80431507784312}