{"total_acc": 83.62272727272727, "acc_1": 88.91051735564425, "acc_0": 65.0030851591639, "diff": 23.90743219648035, "disparity": 150.28941653860747}