{"total_acc": 61.472208385222075, "acc_1": 62.64621428251445, "acc_0": 57.32035808578352, "diff": 7.356819292953441, "disparity": 19.753338218664133}