{"total_acc": 83.32045454545454, "acc_1": 87.4055910977467, "acc_0": 69.0838633666753, "diff": 18.32172773107141, "disparity": 92.27281489391753}