{"total_acc": 66.625, "acc_1": 69.26192966500724, "acc_0": 57.273562577972804, "diff": 12.251364657931799, "disparity": 49.21175678277716}