{"total_acc": 82.7659090909091, "acc_1": 86.62065683840041, "acc_0": 69.19811220545962, "diff": 17.422544632940784, "disparity": 83.46007840189272}