{"total_acc": 86.725, "acc_1": 92.14273868634871, "acc_0": 67.802100031707, "diff": 24.340638654641694, "disparity": 155.60844326357102}