{"total_acc": 72.28636363636363, "acc_1": 75.4523362547652, "acc_0": 61.22843474937936, "diff": 14.25469133135639, "disparity": 60.41035131761655}