{"total_acc": 60.82272727272727, "acc_1": 61.923199145199725, "acc_0": 56.99668017469334, "diff": 6.899041634197158, "disparity": 18.52320203514172}