{"total_acc": 83.325, "acc_1": 87.0682676275387, "acc_0": 70.39188380320671, "diff": 16.676383824331996, "disparity": 76.56235245164422}