{"total_acc": 71.33863636363635, "acc_1": 73.15596806816664, "acc_0": 65.02257986956043, "diff": 8.68455259093927, "disparity": 26.060879523401372}