{"total_acc": 59.48181818181818, "acc_1": 61.18402953021125, "acc_0": 53.53180088954925, "diff": 8.466684361416913, "disparity": 26.682736497467964}