{"total_acc": 71.03181818181818, "acc_1": 73.04880630149066, "acc_0": 64.01266060547621, "diff": 9.396194895525944, "disparity": 29.46339997764867}