{"total_acc": 79.8340909090909, "acc_1": 84.62777780933384, "acc_0": 63.15660142737722, "diff": 21.47117638195661, "disparity": 126.34840812231943}