{"total_acc": 86.6568181818182, "acc_1": 92.02016525929267, "acc_0": 67.79542324320205, "diff": 24.224742016090612, "disparity": 153.41499174011858}