{"total_acc": 83.75565587380656, "acc_1": 91.11390796890173, "acc_0": 57.82297660532593, "diff": 33.290931363575794, "disparity": 288.32654216755145}