{"total_acc": 77.11363636363636, "acc_1": 80.71634051310335, "acc_0": 64.61789554019197, "diff": 16.121610996077393, "disparity": 75.0840604626933}