{"total_acc": 85.25909090909092, "acc_1": 92.6895155362118, "acc_0": 59.10030141535062, "diff": 33.58921412086118, "disparity": 290.62616665590343}