{"total_acc": 81.16363636363636, "acc_1": 84.89325866097886, "acc_0": 68.23091578532689, "diff": 16.66234287565197, "disparity": 77.036465566539}