{"total_acc": 69.79772727272727, "acc_1": 71.9300087572574, "acc_0": 62.30875658881057, "diff": 10.14486946694052, "disparity": 34.699633903480304}