{"total_acc": 86.01363636363637, "acc_1": 93.51084047061897, "acc_0": 59.64967475774291, "diff": 33.86116571287608, "disparity": 295.92691180174364}