{"total_acc": 63.43863636363636, "acc_1": 65.87505073664568, "acc_0": 54.954073204379235, "diff": 11.290293421570333, "disparity": 41.01900808894288}