{"total_acc": 86.59545454545454, "acc_1": 91.98914219720449, "acc_0": 67.30209423164811, "diff": 24.687047965556395, "disparity": 159.5903518593126}