{"total_acc": 83.50227272727273, "acc_1": 87.48982727149657, "acc_0": 69.57819035305674, "diff": 17.91163691843981, "disparity": 86.61325278645899}