{"total_acc": 79.89318181818182, "acc_1": 86.0782665826049, "acc_0": 57.916007446970404, "diff": 28.162259135634486, "disparity": 207.64175754604148}