{"total_acc": 88.20454545454544, "acc_1": 93.22565646634116, "acc_0": 70.27239455071778, "diff": 22.95326191562339, "disparity": 139.03485388412125}