{"total_acc": 62.00030095475301, "acc_1": 63.10481120007995, "acc_0": 58.155410958447085, "diff": 6.971904858807565, "disparity": 18.43539077797358}