{"total_acc": 60.07272727272727, "acc_1": 61.87144652085583, "acc_0": 53.729135232706795, "diff": 9.146739083018014, "disparity": 29.609734089260833}