{"total_acc": 73.68181818181819, "acc_1": 75.83363573477493, "acc_0": 66.15563238875976, "diff": 9.900890698143503, "disparity": 33.32930572426833}