{"total_acc": 74.66363636363636, "acc_1": 77.63508267702422, "acc_0": 64.19913064677768, "diff": 13.508246057771258, "disparity": 56.8720323611286}