{"total_acc": 73.57272727272726, "acc_1": 75.66077183295427, "acc_0": 66.35310031404067, "diff": 9.740754283189194, "disparity": 31.833454056469947}