{"total_acc": 79.28566832710669, "acc_1": 82.70170352138597, "acc_0": 67.38530691773266, "diff": 15.34580836835919, "disparity": 68.38102170981651}