{"total_acc": 62.637308011623084, "acc_1": 63.72888488652594, "acc_0": 58.79940115713088, "diff": 6.704869691811333, "disparity": 16.239643355874065}