{"total_acc": 69.65681818181818, "acc_1": 71.86794966170328, "acc_0": 61.822797233768945, "diff": 10.563224255390928, "disparity": 36.33089694866168}