{"total_acc": 84.62272727272727, "acc_1": 88.37567520193356, "acc_0": 71.37534805441949, "diff": 17.000327147514064, "disparity": 79.59428376015225}