{"total_acc": 60.90681818181818, "acc_1": 62.21561320939376, "acc_0": 56.29390338805326, "diff": 7.20410157124066, "disparity": 19.283579185272774}