{"total_acc": 60.84772727272727, "acc_1": 62.125728043952186, "acc_0": 56.31911702000761, "diff": 7.127300705202427, "disparity": 19.170274993404856}