{"total_acc": 82.925, "acc_1": 86.8710157855535, "acc_0": 69.02038695170019, "diff": 17.850628833853303, "disparity": 87.6935341752169}