{"total_acc": 62.62290369447903, "acc_1": 63.6264420178121, "acc_0": 59.08265536277493, "diff": 6.390135312417328, "disparity": 16.24334159987461}