{"total_acc": 62.425, "acc_1": 63.562515721282296, "acc_0": 58.42185971919013, "diff": 6.877276313748684, "disparity": 18.023927313342554}