{"total_acc": 73.59318181818182, "acc_1": 75.86790769745532, "acc_0": 65.58035955005747, "diff": 10.80095764581588, "disparity": 37.538984874474416}