{"total_acc": 83.64545454545454, "acc_1": 87.56924148515081, "acc_0": 69.83467422520769, "diff": 17.73456725994312, "disparity": 87.23856939010257}