{"total_acc": 72.08863636363635, "acc_1": 73.99198791579012, "acc_0": 65.34914231303016, "diff": 9.156802878802344, "disparity": 27.866756756104728}