{"total_acc": 68.9909090909091, "acc_1": 71.3793133100679, "acc_0": 60.60470459504664, "diff": 11.089383974272542, "disparity": 40.055583473903816}