{"total_acc": 83.86136363636363, "acc_1": 88.07629185734334, "acc_0": 69.22020717958534, "diff": 18.856084677757988, "disparity": 97.0900605034629}