{"total_acc": 73.16818181818182, "acc_1": 75.47873290462049, "acc_0": 64.99829716350241, "diff": 10.727259768474596, "disparity": 35.84353097257017}