{"total_acc": 84.475, "acc_1": 88.1421624812404, "acc_0": 71.24890832700788, "diff": 16.893254154232526, "disparity": 79.32778876746639}