{"total_acc": 86.11286841012868, "acc_1": 91.82657367571561, "acc_0": 66.01144312377338, "diff": 25.81513055194223, "disparity": 172.89021366282228}