{"total_acc": 74.27954545454546, "acc_1": 77.48570440466608, "acc_0": 63.00257275415253, "diff": 14.60981850893266, "disparity": 63.1029586027806}