{"total_acc": 62.18636363636364, "acc_1": 63.49719002833987, "acc_0": 57.5160339776615, "diff": 7.407689305928306, "disparity": 20.126594947745076}