{"total_acc": 56.43636363636364, "acc_1": 58.40322053260784, "acc_0": 49.439444597236054, "diff": 9.706624614884653, "disparity": 31.502297972346472}