{"total_acc": 84.00909090909092, "acc_1": 87.97352696254067, "acc_0": 69.90334006217059, "diff": 18.070186900370068, "disparity": 89.11379060140365}