{"total_acc": 70.1, "acc_1": 72.41336826197589, "acc_0": 61.78072175928121, "diff": 10.822598740989184, "disparity": 39.022059817576604}