{"total_acc": 80.06003528435035, "acc_1": 83.68073305849236, "acc_0": 67.23553416021015, "diff": 16.458307512514427, "disparity": 76.57730525830968}