{"total_acc": 62.00909090909091, "acc_1": 62.954279102256535, "acc_0": 58.56993149035791, "diff": 6.210767592298692, "disparity": 15.17419162302781}