{"total_acc": 84.67954545454546, "acc_1": 88.51059141763959, "acc_0": 71.31330182143002, "diff": 17.197289596209586, "disparity": 80.91969840457104}