{"total_acc": 59.33181818181818, "acc_1": 61.247090051739775, "acc_0": 52.529016335695395, "diff": 9.533730030270355, "disparity": 32.46013252553435}