{"total_acc": 84.94545454545454, "acc_1": 88.89682296677343, "acc_0": 71.06779189640403, "diff": 17.8290310703694, "disparity": 86.34765227494564}