{"total_acc": 84.46590909090908, "acc_1": 88.5856631876611, "acc_0": 69.96909301106074, "diff": 18.630234609657784, "disparity": 93.89331681855712}