{"total_acc": 65.15227272727273, "acc_1": 67.39328876120655, "acc_0": 57.226158484289826, "diff": 10.524470957604862, "disparity": 36.72525259350637}