{"total_acc": 59.32954545454546, "acc_1": 61.15313790625332, "acc_0": 53.04918370801572, "diff": 9.164113418966481, "disparity": 29.114797003213383}