{"total_acc": 71.52045454545456, "acc_1": 73.42593227242035, "acc_0": 64.86150053371655, "diff": 8.955206495807307, "disparity": 27.706216809372517}