{"total_acc": 55.74318181818182, "acc_1": 58.026646842816646, "acc_0": 47.6183777785283, "diff": 10.741112509894485, "disparity": 38.14632445613056}