{"total_acc": 79.56133250311332, "acc_1": 83.13675059169583, "acc_0": 67.10960745850807, "diff": 16.02714313318776, "disparity": 73.44321566586467}