{"total_acc": 82.97045454545454, "acc_1": 86.60283574492173, "acc_0": 70.09981077641842, "diff": 16.503024968503322, "disparity": 75.31595553651061}