{"total_acc": 84.36136363636363, "acc_1": 88.42039256763705, "acc_0": 70.1103837939137, "diff": 18.310008773723332, "disparity": 90.71984990189677}