{"total_acc": 71.69545454545454, "acc_1": 73.82176718581321, "acc_0": 64.2928430055824, "diff": 9.90842876135016, "disparity": 32.776741228698455}