{"total_acc": 73.15454545454546, "acc_1": 74.9986705941198, "acc_0": 66.81963892280056, "diff": 8.734771777056524, "disparity": 25.120792014679687}