{"total_acc": 74.84545454545454, "acc_1": 78.06823309338066, "acc_0": 63.520368645762126, "diff": 14.572946359266933, "disparity": 60.660824474497005}