{"total_acc": 64.44090909090909, "acc_1": 66.97792535842827, "acc_0": 55.55690056873431, "diff": 11.487038457181702, "disparity": 44.47989580618705}