{"total_acc": 72.72045454545454, "acc_1": 74.50616266863159, "acc_0": 66.30966394797399, "diff": 8.763943658852012, "disparity": 27.86727412041564}