{"total_acc": 66.41363636363636, "acc_1": 68.88548061663829, "acc_0": 57.62570609089709, "diff": 11.577254208631771, "disparity": 43.91870666366246}