{"total_acc": 82.725, "acc_1": 86.4755509516484, "acc_0": 69.40856808183099, "diff": 17.0758111202187, "disparity": 81.26043451098418}