{"total_acc": 56.55, "acc_1": 58.62594328723215, "acc_0": 49.17994142276442, "diff": 10.079891588064747, "disparity": 34.48796013602503}