{"total_acc": 61.275, "acc_1": 62.472723376846204, "acc_0": 57.090911435805666, "diff": 7.025928645083668, "disparity": 17.874537641343515}